{
  "2D": 211.428999900818,
  "3D": 5358.61100053788,
  "AFK": 535.999999523163,
  "AssetLib": 18.9979999065399,
  "Editor": 10709.8970003128,
  "Game": 1544.53600072861,
  "Script": 3576.32299923897
}