{
  "2D": 1300.50900125503,
  "3D": 14390.4980020523,
  "AFK": 1154.01599931717,
  "AssetLib": 18.9979999065399,
  "Editor": 43894.4230012894,
  "External": 7435.64899992943,
  "Game": 9543.93399882317,
  "Script": 11204.8349993229
}