{
  "2D": 941.72300028801,
  "3D": 8338.92700099945,
  "AFK": 535.999999523163,
  "AssetLib": 18.9979999065399,
  "Editor": 26887.1530005932,
  "External": 2675.15799999237,
  "Game": 7164.79399991035,
  "Script": 7747.55299949646
}