{
  "2D": 1840.22700095176,
  "3D": 17478.0520009995,
  "AFK": 1154.01599931717,
  "AssetLib": 18.9979999065399,
  "Editor": 52197.4130010606,
  "External": 10543.0650002956,
  "Game": 10759.452999115,
  "Script": 11557.6179997922
}