{
  "3D": 2047.08999991417,
  "AssetLib": 18.9979999065399,
  "Editor": 3376.68199944496,
  "Game": 173.330999612808,
  "Script": 1137.26300001144
}