{
  "2D": 3103.52900004387,
  "3D": 21240.6710038185,
  "AFK": 1216.01399946213,
  "AssetLib": 18.9979999065399,
  "Editor": 69128.8680007458,
  "External": 15950.6340000629,
  "Game": 13828.3619987965,
  "Script": 14986.6739981175
}