{
  "2D": 2025.77800059318,
  "3D": 19603.5630013943,
  "AFK": 1154.01599931717,
  "AssetLib": 18.9979999065399,
  "Editor": 59547.5050008298,
  "External": 13148.9369997978,
  "Game": 12285.8309996128,
  "Script": 12464.3979995251
}