{
  "2D": 2025.77800059318,
  "3D": 18814.1610012055,
  "AFK": 1154.01599931717,
  "AssetLib": 18.9979999065399,
  "Editor": 56663.5140006543,
  "External": 12796.8639998436,
  "Game": 11178.269999504,
  "Script": 11829.4429996014
}