{
  "2D": 214.431000232697,
  "3D": 7173.01000332833,
  "AFK": 535.999999523163,
  "AssetLib": 18.9979999065399,
  "Editor": 18817.0580003262,
  "Game": 4032.14399766922,
  "Script": 7378.47499918938
}