{
  "2D": 933.736000299454,
  "3D": 8130.95700120926,
  "AFK": 535.999999523163,
  "AssetLib": 18.9979999065399,
  "Editor": 23688.0700006485,
  "External": 509.09299993515,
  "Game": 6442.85100007057,
  "Script": 7652.47699928284
}