{
  "2D": 933.736000299454,
  "3D": 8126.92600083352,
  "AFK": 535.999999523163,
  "AssetLib": 18.9979999065399,
  "Editor": 23583.0650005341,
  "External": 483.085000038147,
  "Game": 6367.84300017357,
  "Script": 7652.47699928284
}