{
  "2D": 211.428999900818,
  "3D": 4574.78000068665,
  "AFK": 535.999999523163,
  "AssetLib": 18.9979999065399,
  "Editor": 9640.48600053788,
  "Game": 1265.44700074196,
  "Script": 3569.83199930191
}