{
  "3D": 2654.2389998436,
  "AssetLib": 18.9979999065399,
  "Editor": 4085.86299943924,
  "Game": 199.362999677658,
  "Script": 1213.26300001144
}