{
  "2D": 213.430000066757,
  "3D": 6427.09400010109,
  "AFK": 535.999999523163,
  "AssetLib": 18.9979999065399,
  "Editor": 15688.0500001907,
  "Game": 2427.75200033188,
  "Script": 6600.77599978447
}