{
  "2D": 3059.36100006103,
  "3D": 21240.6710038185,
  "AFK": 1216.01399946213,
  "AssetLib": 18.9979999065399,
  "Editor": 67883.057000637,
  "External": 14827.4889998436,
  "Game": 13764.4189987182,
  "Script": 14972.1189982891
}