{
  "2D": 1297.50100111961,
  "3D": 13007.5520014763,
  "AFK": 1154.01599931717,
  "AssetLib": 18.9979999065399,
  "Editor": 41350.3410010338,
  "External": 7245.62999987602,
  "Game": 9172.79299902916,
  "Script": 10607.8669996262
}